machine_cycle_no,source_file
1,ddm_y_FliesslaengerformBuehler_0001_pw.xml.gz
2,ddm_y_FliesslaengerformBuehler_0002_pw.xml.gz
3,ddm_y_FliesslaengerformBuehler_0003_ok.xml.gz
4,ddm_y_FliesslaengerformBuehler_0004_ok.xml.gz
5,ddm_y_FliesslaengerformBuehler_0005_ok.xml.gz
6,ddm_y_FliesslaengerformBuehler_0006_ok.xml.gz
7,ddm_y_FliesslaengerformBuehler_0007_ok.xml.gz
8,ddm_y_FliesslaengerformBuehler_0008_ok.xml.gz
9,ddm_y_FliesslaengerformBuehler_0009_ok.xml.gz
10,ddm_y_FliesslaengerformBuehler_0010_ok.xml.gz
11,ddm_y_FliesslaengerformBuehler_0011_ok.xml.gz
15,ddm_y_FliesslaengerformBuehler_0015_lok.xml.gz
16,ddm_y_FliesslaengerformBuehler_0016_lok.xml.gz
17,ddm_y_FliesslaengerformBuehler_0017_lok.xml.gz
18,ddm_y_FliesslaengerformBuehler_0018_pw.xml.gz
19,ddm_y_FliesslaengerformBuehler_0019_pw.xml.gz
20,ddm_y_FliesslaengerformBuehler_0020_lok.xml.gz
21,ddm_y_FliesslaengerformBuehler_0021_ok.xml.gz
22,ddm_y_FliesslaengerformBuehler_0022_ok.xml.gz
23,ddm_y_FliesslaengerformBuehler_0023_bad.xml.gz
24,ddm_y_FliesslaengerformBuehler_0024_pw.xml.gz
25,ddm_y_FliesslaengerformBuehler_0025_pw.xml.gz
26,ddm_y_FliesslaengerformBuehler_0026_lok.xml.gz
27,ddm_y_FliesslaengerformBuehler_0027_ok.xml.gz
28,ddm_y_FliesslaengerformBuehler_0028_ok.xml.gz
29,ddm_y_FliesslaengerformBuehler_0029_ok.xml.gz
33,ddm_y_FliesslaengerformBuehler_0033_lok.xml.gz
34,ddm_y_FliesslaengerformBuehler_0034_ok.xml.gz
35,ddm_y_FliesslaengerformBuehler_0035_ok.xml.gz
36,ddm_y_FliesslaengerformBuehler_0036_ok.xml.gz
38,ddm_y_FliesslaengerformBuehler_0038_ok.xml.gz
40,ddm_y_FliesslaengerformBuehler_0040_pw.xml.gz
41,ddm_y_FliesslaengerformBuehler_0041_pw.xml.gz
42,ddm_y_FliesslaengerformBuehler_0042_lok.xml.gz
43,ddm_y_FliesslaengerformBuehler_0043_lok.xml.gz
44,ddm_y_FliesslaengerformBuehler_0044_lok.xml.gz
45,ddm_y_FliesslaengerformBuehler_0045_ok.xml.gz
46,ddm_y_FliesslaengerformBuehler_0046_ok.xml.gz
47,ddm_y_FliesslaengerformBuehler_0047_ok.xml.gz
51,ddm_y_FliesslaengerformBuehler_0051_pw.xml.gz
52,ddm_y_FliesslaengerformBuehler_0052_pw.xml.gz
53,ddm_y_FliesslaengerformBuehler_0053_lok.xml.gz
54,ddm_y_FliesslaengerformBuehler_0054_lok.xml.gz
55,ddm_y_FliesslaengerformBuehler_0055_lok.xml.gz
56,ddm_y_FliesslaengerformBuehler_0056_ok.xml.gz
60,ddm_y_FliesslaengerformBuehler_0060_lok.xml.gz
61,ddm_y_FliesslaengerformBuehler_0061_ok.xml.gz
62,ddm_y_FliesslaengerformBuehler_0062_ok.xml.gz
66,ddm_y_FliesslaengerformBuehler_0066_lok.xml.gz
67,ddm_y_FliesslaengerformBuehler_0067_ok.xml.gz
72,ddm_y_FliesslaengerformBuehler_0072_bad.xml.gz
73,ddm_y_FliesslaengerformBuehler_0073_pw.xml.gz
74,ddm_y_FliesslaengerformBuehler_0074_pw.xml.gz
75,ddm_y_FliesslaengerformBuehler_0075_ok.xml.gz
76,ddm_y_FliesslaengerformBuehler_0076_ok.xml.gz
77,ddm_y_FliesslaengerformBuehler_0077_ok.xml.gz
78,ddm_y_FliesslaengerformBuehler_0078_ok.xml.gz
82,ddm_y_FliesslaengerformBuehler_0082_lok.xml.gz
83,ddm_y_FliesslaengerformBuehler_0083_ok.xml.gz
84,ddm_y_FliesslaengerformBuehler_0084_ok.xml.gz
88,ddm_y_FliesslaengerformBuehler_0088_lok.xml.gz
89,ddm_y_FliesslaengerformBuehler_0089_ok.xml.gz
90,ddm_y_FliesslaengerformBuehler_0090_ok.xml.gz
94,ddm_y_FliesslaengerformBuehler_0094_ok.xml.gz
95,ddm_y_FliesslaengerformBuehler_0095_ok.xml.gz
96,ddm_y_FliesslaengerformBuehler_0096_pw.xml.gz
97,ddm_y_FliesslaengerformBuehler_0097_pw.xml.gz
98,ddm_y_FliesslaengerformBuehler_0098_lok.xml.gz
99,ddm_y_FliesslaengerformBuehler_0099_ok.xml.gz
100,ddm_y_FliesslaengerformBuehler_0100_ok.xml.gz
101,ddm_y_FliesslaengerformBuehler_0101_ok.xml.gz
102,ddm_y_FliesslaengerformBuehler_0102_ok.xml.gz
103,ddm_y_FliesslaengerformBuehler_0103_ok.xml.gz
107,ddm_y_FliesslaengerformBuehler_0107_ok.xml.gz
108,ddm_y_FliesslaengerformBuehler_0108_lok.xml.gz
109,ddm_y_FliesslaengerformBuehler_0109_lok.xml.gz
110,ddm_y_FliesslaengerformBuehler_0110_ok.xml.gz
111,ddm_y_FliesslaengerformBuehler_0111_ok.xml.gz
115,ddm_y_FliesslaengerformBuehler_0115_lok.xml.gz
116,ddm_y_FliesslaengerformBuehler_0116_lok.xml.gz
117,ddm_y_FliesslaengerformBuehler_0117_lok.xml.gz
120,ddm_y_FliesslaengerformBuehler_0120_bad.xml.gz
121,ddm_y_FliesslaengerformBuehler_0121_ok.xml.gz
122,ddm_y_FliesslaengerformBuehler_0122_ok.xml.gz
123,ddm_y_FliesslaengerformBuehler_0123_ok.xml.gz
125,ddm_y_FliesslaengerformBuehler_0125_lok.xml.gz
126,ddm_y_FliesslaengerformBuehler_0126_ok.xml.gz
127,ddm_y_FliesslaengerformBuehler_0127_ok.xml.gz
128,ddm_y_FliesslaengerformBuehler_0128_ok.xml.gz
129,ddm_y_FliesslaengerformBuehler_0129_ok.xml.gz
133,ddm_y_FliesslaengerformBuehler_0133_lok.xml.gz
134,ddm_y_FliesslaengerformBuehler_0134_ok.xml.gz
135,ddm_y_FliesslaengerformBuehler_0135_ok.xml.gz
136,ddm_y_FliesslaengerformBuehler_0136_ok.xml.gz
137,ddm_y_FliesslaengerformBuehler_0137_ok.xml.gz
139,ddm_y_FliesslaengerformBuehler_0139_ok.xml.gz
141,ddm_y_FliesslaengerformBuehler_0141_pw.xml.gz
142,ddm_y_FliesslaengerformBuehler_0142_pw.xml.gz
143,ddm_y_FliesslaengerformBuehler_0143_lok.xml.gz
144,ddm_y_FliesslaengerformBuehler_0144_ok.xml.gz
145,ddm_y_FliesslaengerformBuehler_0145_ok.xml.gz
149,ddm_y_FliesslaengerformBuehler_0149_lok.xml.gz
150,ddm_y_FliesslaengerformBuehler_0150_ok.xml.gz
154,ddm_y_FliesslaengerformBuehler_0154_bad.xml.gz
155,ddm_y_FliesslaengerformBuehler_0155_ok.xml.gz
156,ddm_y_FliesslaengerformBuehler_0156_ok.xml.gz
157,ddm_y_FliesslaengerformBuehler_0157_ok.xml.gz
161,ddm_y_FliesslaengerformBuehler_0161_lok.xml.gz
162,ddm_y_FliesslaengerformBuehler_0162_lok.xml.gz
166,ddm_y_FliesslaengerformBuehler_0166_lok.xml.gz
167,ddm_y_FliesslaengerformBuehler_0167_out.xml.gz
171,ddm_y_FliesslaengerformBuehler_0171_lok.xml.gz
172,ddm_y_FliesslaengerformBuehler_0172_ok.xml.gz
173,ddm_y_FliesslaengerformBuehler_0173_pw.xml.gz
174,ddm_y_FliesslaengerformBuehler_0174_pw.xml.gz
175,ddm_y_FliesslaengerformBuehler_0175_lok.xml.gz
176,ddm_y_FliesslaengerformBuehler_0176_ok.xml.gz
177,ddm_y_FliesslaengerformBuehler_0177_ok.xml.gz
178,ddm_y_FliesslaengerformBuehler_0178_ok.xml.gz
182,ddm_y_FliesslaengerformBuehler_0182_ok.xml.gz
183,ddm_y_FliesslaengerformBuehler_0183_ok.xml.gz
186,ddm_y_FliesslaengerformBuehler_0186_ok.xml.gz
187,ddm_y_FliesslaengerformBuehler_0187_lok.xml.gz
188,ddm_y_FliesslaengerformBuehler_0188_ok.xml.gz
189,ddm_y_FliesslaengerformBuehler_0189_lok.xml.gz
193,ddm_y_FliesslaengerformBuehler_0193_lok.xml.gz
194,ddm_y_FliesslaengerformBuehler_0194_bad.xml.gz
195,ddm_y_FliesslaengerformBuehler_0195_lok.xml.gz
197,ddm_y_FliesslaengerformBuehler_0197_ok.xml.gz
199,ddm_y_FliesslaengerformBuehler_0199_pw.xml.gz
200,ddm_y_FliesslaengerformBuehler_0200_pw.xml.gz
201,ddm_y_FliesslaengerformBuehler_0201_lok.xml.gz
202,ddm_y_FliesslaengerformBuehler_0202_ok.xml.gz
203,ddm_y_FliesslaengerformBuehler_0203_ok.xml.gz
204,ddm_y_FliesslaengerformBuehler_0204_ok.xml.gz
205,ddm_y_FliesslaengerformBuehler_0205_ok.xml.gz
207,ddm_y_FliesslaengerformBuehler_0207_ok.xml.gz
210,ddm_y_FliesslaengerformBuehler_0210_ok.xml.gz
211,ddm_y_FliesslaengerformBuehler_0211_lok.xml.gz
212,ddm_y_FliesslaengerformBuehler_0212_ok.xml.gz
216,ddm_y_FliesslaengerformBuehler_0216_ok.xml.gz
217,ddm_y_FliesslaengerformBuehler_0217_lok.xml.gz
218,ddm_y_FliesslaengerformBuehler_0218_ok.xml.gz
221,ddm_y_FliesslaengerformBuehler_0221_ok.xml.gz
222,ddm_y_FliesslaengerformBuehler_0222_lok.xml.gz
223,ddm_y_FliesslaengerformBuehler_0223_lok.xml.gz
224,ddm_y_FliesslaengerformBuehler_0224_ok.xml.gz
227,ddm_y_FliesslaengerformBuehler_0227_ok.xml.gz
228,ddm_y_FliesslaengerformBuehler_0228_ok.xml.gz
229,ddm_y_FliesslaengerformBuehler_0229_ok.xml.gz
230,ddm_y_FliesslaengerformBuehler_0230_lok.xml.gz
231,ddm_y_FliesslaengerformBuehler_0231_lok.xml.gz
232,ddm_y_FliesslaengerformBuehler_0232_ok.xml.gz
236,ddm_y_FliesslaengerformBuehler_0236_ok.xml.gz
237,ddm_y_FliesslaengerformBuehler_0237_ok.xml.gz
241,ddm_y_FliesslaengerformBuehler_0241_lok.xml.gz
242,ddm_y_FliesslaengerformBuehler_0242_ok.xml.gz
246,ddm_y_FliesslaengerformBuehler_0246_lok.xml.gz
250,ddm_y_FliesslaengerformBuehler_0250_pw.xml.gz
251,ddm_y_FliesslaengerformBuehler_0251_pw.xml.gz
252,ddm_y_FliesslaengerformBuehler_0252_ok.xml.gz
253,ddm_y_FliesslaengerformBuehler_0253_ok.xml.gz
254,ddm_y_FliesslaengerformBuehler_0254_ok.xml.gz
255,ddm_y_FliesslaengerformBuehler_0255_ok.xml.gz
256,ddm_y_FliesslaengerformBuehler_0256_ok.xml.gz
257,ddm_y_FliesslaengerformBuehler_0257_ok.xml.gz
258,ddm_y_FliesslaengerformBuehler_0258_ok.xml.gz
262,ddm_y_FliesslaengerformBuehler_0262_pw.xml.gz
263,ddm_y_FliesslaengerformBuehler_0263_ok.xml.gz
264,ddm_y_FliesslaengerformBuehler_0264_ok.xml.gz
265,ddm_y_FliesslaengerformBuehler_0265_ok.xml.gz
266,ddm_y_FliesslaengerformBuehler_0266_ok.xml.gz
270,ddm_y_FliesslaengerformBuehler_0270_ok.xml.gz
271,ddm_y_FliesslaengerformBuehler_0271_ok.xml.gz
272,ddm_y_FliesslaengerformBuehler_0272_ok.xml.gz
273,ddm_y_FliesslaengerformBuehler_0273_lok.xml.gz
274,ddm_y_FliesslaengerformBuehler_0274_lok.xml.gz
275,ddm_y_FliesslaengerformBuehler_0275_ok.xml.gz
276,ddm_y_FliesslaengerformBuehler_0276_out.xml.gz
280,ddm_y_FliesslaengerformBuehler_0280_ok.xml.gz
281,ddm_y_FliesslaengerformBuehler_0281_lot.xml.gz
282,ddm_y_FliesslaengerformBuehler_0282_out.xml.gz
286,ddm_y_FliesslaengerformBuehler_0286_lok.xml.gz
287,ddm_y_FliesslaengerformBuehler_0287_ok.xml.gz
288,ddm_y_FliesslaengerformBuehler_0288_ok.xml.gz
289,ddm_y_FliesslaengerformBuehler_0289_ok.xml.gz
290,ddm_y_FliesslaengerformBuehler_0290_ok.xml.gz
291,ddm_y_FliesslaengerformBuehler_0291_pw.xml.gz
292,ddm_y_FliesslaengerformBuehler_0292_pw.xml.gz
293,ddm_y_FliesslaengerformBuehler_0293_lok.xml.gz
294,ddm_y_FliesslaengerformBuehler_0294_ok.xml.gz
295,ddm_y_FliesslaengerformBuehler_0295_ok.xml.gz
296,ddm_y_FliesslaengerformBuehler_0296_ok.xml.gz
297,ddm_y_FliesslaengerformBuehler_0297_ok.xml.gz
298,ddm_y_FliesslaengerformBuehler_0298_ok.xml.gz
301,ddm_y_FliesslaengerformBuehler_0301_ok.xml.gz
302,ddm_y_FliesslaengerformBuehler_0302_ok.xml.gz
303,ddm_y_FliesslaengerformBuehler_0303_lok.xml.gz
304,ddm_y_FliesslaengerformBuehler_0304_lok.xml.gz
308,ddm_y_FliesslaengerformBuehler_0308_lok.xml.gz
309,ddm_y_FliesslaengerformBuehler_0309_ok.xml.gz
313,ddm_y_FliesslaengerformBuehler_0313_lok.xml.gz
314,ddm_y_FliesslaengerformBuehler_0314_ok.xml.gz
318,ddm_y_FliesslaengerformBuehler_0318_lok.xml.gz
319,ddm_y_FliesslaengerformBuehler_0319_ok.xml.gz
323,ddm_y_FliesslaengerformBuehler_0323_lok.xml.gz
324,ddm_y_FliesslaengerformBuehler_0324_lok.xml.gz
325,ddm_y_FliesslaengerformBuehler_0325_ok.xml.gz
